Open,High,Low,Close,Volume
49.429501,49.516998,48.335499,48.823502,79498000
47.935001,48.286499,47.542999,48.2085,107478000
49.799999,49.987499,49.099998,49.385502,229454000
50.849998,50.849998,49.494999,49.758499,100868000
49.900002,50.243999,49.601002,49.629501,81536000
49.935001,50.136002,49.6325,50.1115,58450000
50.1115,50.348,49.860001,50.064999,45068000
50.126999,50.230999,49.901001,50.187,57582000
50.424999,50.490002,49.599998,49.699001,67724000
49.5345,49.939999,48.799999,48.839001,75648000
48.927502,49.534,48.460499,49.516499,74752000
48.950001,49.377998,48.262501,48.796501,86060000
49.006001,49.1735,48.380501,48.400002,67806000
48.6395,48.724499,47.549999,47.682999,58182000
48.0765,48.75,47.762501,48.57,73060000
48.233002,48.720001,47.951,48.257,65192000
48.477501,49.005501,48.457001,48.938,52868000
49.25,49.972,49.174999,49.823502,70926000
49.650002,49.7995,49.186001,49.706501,59654000
50.032501,50.427502,49.904999,50.3255,72172000
50.230999,50.344002,49.794998,50.031502,57616000
50.119999,50.2225,49.844501,50.0905,42050000
50.234501,50.737499,50.190498,50.501999,74252000
50.299999,51.301498,50.200001,51.2225,80152000
51.25,51.579498,51.125,51.343498,59280000
51.579498,51.748501,51.125999,51.435001,61950000
51.063999,51.305,50.549999,51.283501,54692000
51.417,52.150501,51.371498,51.947498,65760000
51.9025,52.1665,51.624001,51.9935,48952000
52.16,52.66,52.16,52.639999,58426000
53.477501,54.165501,52.008999,52.299999,219834000
50.606998,51.642502,50.049999,51.001999,154188000
50.952499,50.952499,49.351002,49.389,147042000
49.8055,50.32,49.578999,49.809502,91452000
50.088501,50.1605,49.086498,49.794498,81400000
49.973499,49.974998,49.2295,49.346001,65116000
49.484001,49.5835,49.099998,49.379002,54606000
49.532501,49.75,49.356998,49.613499,53532000
49.717499,49.813999,49.289501,49.492001,58056000
49.130001,49.400002,48.7635,49.100498,71394000
48.814999,48.993,47.734001,47.846001,113682000
48,48.519501,47.569,48.399502,69360000
48.920502,49.275002,48.809502,49.165001,63458000
49.445,49.587002,49.099998,49.137001,50986000
49.0825,49.323002,48.660999,48.909,62642000
48.891998,48.891998,48.015999,48.0285,70248000
48.07,48.2715,47.732498,47.9235,65696000
47.878502,48.060001,47.272999,47.664501,63290000
47.776001,48.3965,47.775002,48.345001,55000000
47.969002,48.099998,47.709999,47.900002,53366000
47.870998,47.950001,47.056999,47.622501,103914000
47.799999,47.881001,47.205002,47.263,66496000
47.327,47.650002,47.112499,47.300999,51934000
47,47.799999,46.816502,47.702999,57486000
47.922001,48.470501,47.845501,48.379501,58092000
48.735001,49.049999,48.638,49.029999,66630000
49.209999,49.224998,48.844002,48.912498,50718000
48.77,48.838501,48.018501,48.2635,57664000
48.416,48.591999,48.029999,48.389999,42598000
48.700001,49.029499,48.627499,48.973499,51336000
48.955002,48.993999,48.1735,48.294998,52106000
48.723,49.097,48.710999,48.897999,43734000
49.163502,49.233501,48.776001,49.129002,49622000
49.198502,50,48.971001,49.98,67494000
49.84,49.928001,49.387001,49.6105,78266000
49.650501,49.8125,49.2015,49.3395,75204000
49.52,49.6395,48.408501,48.709499,68226000
48.862499,48.911999,48.373001,48.493,53422000
48.5895,48.740501,48.108002,48.6605,57776000
48.565498,48.584999,48.101002,48.232498,46752000
48.050499,48.280499,47.721001,47.755001,52836000
47.4655,47.471001,46.644501,46.989498,102480000
47.274502,47.431499,46.587502,46.93,71296000
47.400002,47.764999,47.165001,47.543499,62978000
47.592999,47.985001,47.505001,47.82,50452000
48.005501,48.241501,47.918999,48.067501,50876000
48.200001,48.365501,47.605999,47.959499,48858000
47.900002,48.184502,47.518501,47.855,53332000
47.710499,48.3895,47.702499,48.272499,50548000
48.5,49.0755,48.481998,49.0425,64584000
48.782001,49.787498,48.782001,49.479,75642000
49.661999,49.924999,49.375,49.5495,58772000
49.8335,49.897499,49.005001,49.360001,61698000
49.563499,49.775002,49.334999,49.75,46742000
49.8405,50.422001,49.619999,50.046501,81346000
50.349998,50.3885,50.051498,50.146999,48630000
50.422001,50.4785,50.051998,50.317001,40178000
50.279499,50.573502,50.219002,50.456501,46394000
50.463501,51.115501,49.827499,49.849998,49994000
49.5,49.552502,49.012001,49.330502,62164000
49.676498,49.730999,49.099998,49.1455,47302000
49.336498,49.339001,48.125,48.314999,69882000
48.450001,48.9925,48.25,48.794998,54478000
48.900002,49.222,48.312,48.6455,60662000
49.016499,49.145,48.427502,48.621498,112374000
52.907001,55.278999,52.5275,55.047501,331300000
54.7505,56.1395,54.678001,55.5425,132262000
55.450001,55.527,55.056,55.264,69540000
55.27,55.448502,54.837002,55.183998,75110000
54.890499,55.097,54.343498,54.710999,73698000
54.557499,55.633999,54.425999,55.580002,75030000
55.4575,56.2705,55.438499,56.033001,67622000
56.237,56.529999,55.875,56.158501,53780000
56.140999,56.777,55.955502,56.644001,51630000
56.298,56.480999,55.788502,56.456501,74654000
56.305,56.587502,56.202999,56.267502,43598000
56.150002,56.994999,56.117001,56.4585,58368000
56.505501,56.900002,56.1945,56.841999,62768000
56.350498,56.587502,56.081501,56.334499,78574000
56.507999,56.908001,56.502499,56.864498,44266000
56.914001,56.939999,56.290501,56.493999,48268000
56.488499,56.671001,56.127499,56.315498,43278000
56.643002,57,56.41,56.974499,49588000
57.049999,58.0135,57.049999,57.807999,71106000
58.035,59.341999,58.035,59.299999,70560000
60.132999,60.670502,59.557499,59.7915,134880000
60.243999,60.266998,59.425999,59.68,91188000
59.740002,59.740002,57.259499,58.063499,185150000
58.355,58.928501,58,58.837502,90184000
58.602501,58.982498,57.599998,58.1175,82142000
58.692501,58.759998,56.400002,56.697498,118638000
56.412998,57.963501,56.237,57.078499,81596000
56.899502,57.794498,56.804001,57.6175,57066000
57.829498,58.1595,57.549999,57.989498,50232000
58.52,58.6395,57.855,58.099998,61002000
58.23,58.494999,57.849998,58.445999,47270000
58.3255,58.68,58.080502,58.254002,44718000
58.5,58.543499,58.0135,58.206501,52336000
58.185501,58.8965,58.122501,58.713001,64286000
58.9515,59.137501,58.466499,58.957001,95572000
59.3685,59.738998,59.045502,59.528999,58952000
59.4575,59.648499,58.957001,59.368999,51756000
59.525002,59.549999,58.799999,58.881001,47424000
58.794998,58.9585,58.382,58.737999,42462000
58.604,58.730999,58.391499,58.417999,31702000
58.417999,58.916,58.0275,58.838001,40104000
58.995499,59.364498,58.780499,59.112999,37344000
59.450001,59.505001,59.219002,59.305,36834000
59.1175,59.200001,58.375,58.473499,53768000
58.599998,59.5,58.525501,59.4505,53890000
59.415001,60.274502,59.415001,60.209999,62176000
60.25,60.793499,60.233002,60.4795,60442000
60.8755,61.457001,60.5,61.457001,70894000
61.799999,62.653999,61.601501,62.343498,85590000
62.845001,62.966499,62.088001,62.634998,73226000
62.2575,62.716499,61.8615,62.716499,53720000
62.987,63.838501,62.823002,63.834,62500000
63.669498,65.288002,63.669498,65.260002,108874000
66.150002,66.997002,64.614998,65.242996,144414000
65.612,65.699997,64.043999,64.75,105076000
64.697502,65.230003,64.200996,64.666,80538000
65.599998,65.650002,64.649498,64.728996,91570000
64.858498,66.372498,64.833,66.365501,82802000
66.904503,68.245003,66.866997,68.126999,103386000
68.740997,69.407997,66.900002,67.875504,136150000
68.400002,68.917,67.880997,68.897499,95060000
69.600502,70.126503,69.045502,70.102501,97146000
70.459,71.569504,70.022003,70.884003,114038000
70.158501,71.962502,69.599998,71.890999,117438000
72.565002,73.628998,72.501999,72.544502,128494000
72.25,72.994003,69.257004,69.5,182276000
73.869499,74.900002,70.699997,71.497498,222514000
70.130997,72.948997,66.036003,69.5,229900000
68.072998,72.199501,67.5895,72.141998,221336000
72.449997,73.0495,70.7575,70.838997,143254000
71.484001,71.6875,67.497002,67.525002,171572000
68.6745,69.175003,63.296501,66.980003,282830000
68.233498,69.690498,67.2005,69.311501,134778000
69.296501,70.986,69.176498,70.725502,118358000
70.3125,72.602997,70.167999,72.552498,119184000
73.344498,73.446999,71.842003,73.087997,113054000
72.8685,73.290001,72.328003,72.434502,89452000
72.324501,74.438499,72.324501,73.417503,129984000
74.25,75.1745,73.945999,74.146004,126088000
74.767998,75.126999,73.788002,74.266998,97162000
74.766998,75,74.324997,75,88362000
75.459999,76.141998,75.349998,76.097504,99100000
76.224998,76.338997,75.360497,75.598999,96176000
75.975502,76.434998,75.599998,75.622498,90300000
75.68,75.9245,73.25,74.672501,136704000
73.455002,75.052498,72.750504,75.012497,131752000
74.711998,76.268997,74.050003,76.180496,104678000
76.660004,77.106499,76.400002,76.882004,91234000
76.325996,77.294998,76.125504,77.25,83482000
77.5,77.744003,77.262497,77.593002,77252000
78.175003,78.946999,77.954002,78.944504,90686000
79.629997,80.266502,79.334999,79.919502,103484000
80.797997,80.876999,78.900497,79.408997,130638000
79.849998,80.321999,79.544502,79.550003,85188000
79.75,79.845497,78.905502,79.115997,81394000
79.172501,79.472,78.375,78.584,108500000
77.726501,78.083,76.267502,77.246498,131616000
77.516998,79.349998,77.2705,79.3255,91632000
79.322502,79.5,78.158501,79.093002,95016000
78.273499,78.692497,77.120003,77.246002,126412000
76.9505,77.450996,74.767998,74.778,160120000
76.5,77.849503,74.962502,77.792999,112494000
78.620003,78.7985,74.115997,74.852501,139992000
72.349998,72.794998,69.308502,71.570999,274106000
70.300003,72.773499,68.260002,72.366997,251622000
70.880997,71.068001,67.75,68.599503,209272000
69.569,70.699997,67.766502,69.602501,204624000
67.912003,70.769501,67.643997,70.528503,139646000
72.099503,72.977997,71.3535,72.587502,128270000
71.498497,72.625,70.013,70.261497,117646000
71.251503,71.924004,70.128502,70.304001,84164000
71.599503,71.918999,70.785004,71.810997,85082000
71.972,72.439003,71.244499,71.352501,71650000
71.974998,72.606003,71.752998,72.425003,62700000
72.457001,72.988998,71.225998,71.539497,73706000
72.25,72.349998,71.374001,72.074997,56172000
73.114998,75.359497,72.850998,75.191498,102288000
75.732498,76.690002,75.205498,76.391998,104550000
77.161003,78.426003,76.953003,77.845497,130474000
78.059998,78.059998,75.804497,76.374496,110832000
77.334503,77.400002,75.170502,75.892998,89308000
76.790001,76.974998,72.422501,73.004501,149894000
72.900002,73.499496,70.750999,73.008499,131746000
74.250504,76.471001,73.925003,75.898003,176022000
81.7005,81.904999,78.369499,78.630997,261064000
79.125,79.800003,78.046997,78.306503,109282000
78.161003,79.25,77.609001,79.112999,91442000
79.049004,79.425003,78.318001,78.484001,87206000
78.000504,78.739998,77.301003,78.603996,85038000
78.122498,79.245003,78.109497,79.047501,68872000
79.467003,80.347504,79.391502,80.007004,76038000
79.75,79.844002,79.125504,79.619499,61358000
80,80.400002,79.599998,80.400002,72746000
80.424004,80.779999,80.171997,80.454002,56350000
80.5495,80.555,79.894501,80.1455,45278000
80.199997,80.558998,80.002502,80.077003,50190000
79.389999,79.389999,78.261002,78.806,101550000
78.875,79.721497,78.833504,79.363998,51412000
79.028,79.702003,78.650002,79.087997,42952000
79.066498,79.179497,78.605003,78.718498,52852000
79.25,79.602501,78.75,79.273003,58504000
79.494499,79.494499,78.762497,79.07,42312000
78.552498,80.093002,78.317001,80.093002,67238000
79.901497,80.412003,79.418999,80.153503,68600000
80.150002,80.706001,80.022499,80.5075,53968000
80.0355,81.0895,80.0075,80.643501,76930000
80.904999,81.300003,80.6465,81.244499,58148000
81.150002,81.75,81.067497,81.481003,63326000
81.851501,82.336502,81.754501,82.077003,66268000
82.445,83.283997,82.274498,83.263496,63754000
83.649498,84.949997,83.502998,84.817497,95644000
85.225502,85.724998,84.323502,84.787498,109464000
84.928001,84.995003,83.805496,84.464996,75314000
84.056,84.472,83.650497,84.199501,59102000
84.0755,84.711998,84.029503,84.456001,46710000
84.650002,84.975502,84.575996,84.9375,45184000
85.140503,85.6875,85.005997,85.242996,66550000
85.674004,86.239998,85.443497,86.193001,63488000
85.699997,86.043503,85.426003,85.7985,95552000
85.313004,86.336998,85.127998,86.189499,62154000
85.452003,86.805496,85.019501,86.738998,85802000
87.125,88.1465,87.068001,87.503998,86652000
88,88.154999,85.877998,86.511002,98822000
87.130997,87.150002,85.595001,85.783501,81502000
85.125504,85.25,82.315498,83.157501,150224000
83.6185,85.078499,83.167,84.554497,87732000
85.405502,85.597504,83,83.025497,97444000
83.626999,85.275002,83.058502,85.072502,90594000
85.849998,86.170502,84.716003,84.989998,90870000
84.135002,85.694504,83.903,85.689003,63714000
86.197998,86.25,84.624001,84.697998,43546000
85.268997,85.5345,84.107498,84.986504,59662000
84.800003,85.763496,84.583504,85.531502,53006000
86.202499,86.977997,85.811501,86.950996,60240000
86.926498,87.5,86.550003,87.153503,60058000
86.899498,87.848,86.699997,87.75,64196000
88.225502,89.900002,88.109001,89.831001,90654000
90.196503,90.764999,89.761497,90.651497,87664000
91.097504,92.097504,90.722504,91.124496,109324000
90.578003,92.584503,89.869003,92.196503,113658000
92.400002,92.944,91.563499,92.146004,97238000
91.473,92.050003,90.563499,90.648499,93538000
91.250504,91.741997,90.502998,90.684998,77688000
90.610497,90.949997,88.499496,90.099998,77770000
91.4505,92,90.469002,91.461998,85574000
91.464996,93.192001,91.132004,93.180496,74764000
91.949997,92.234001,90.224998,90.400002,198488000
93.802498,94.002502,90.3265,90.863503,193620000
91.366501,91.474998,88.301003,88.960999,131246000
89.324501,90.091499,86.966003,88.872002,114774000
89.199997,89.921997,88.801003,89.858498,83062000
89.438499,91.828003,89.300003,91.716499,87094000
91.887001,92.050003,91.074997,91.164497,69210000
91.290497,92.388496,90.945999,92.387497,67836000
92.726501,93.486,92.313499,93.124001,67550000
93.050003,94.5755,92.724998,94.325996,79260000
94.099998,95.7285,93.874001,94.926003,97208000
94.425499,94.974998,93.9105,94.315002,72798000
94.925003,96.25,94.683502,94.809998,110630000
95.969498,96.050499,95,95.982498,79722000
95.477501,95.810501,93.489502,94.130997,154014000
95.196999,95.25,94.177498,94.325996,79142000
94.290001,94.400002,92.777496,94.111,82086000
94.528503,94.587502,93.303001,93.835503,57240000
94,94.887497,93.720497,94.170998,62112000
93.832001,95.290001,93.832001,95.245003,61610000
95.358498,95.974998,95.038002,95.144997,71260000
95.525497,95.800499,95.126999,95.269501,56018000
95.75,96.385002,95.463997,96.384003,71380000
96.886497,97.088997,96.441002,96.640999,62014000
97.672501,99.934502,97.446999,99.904999,130636000
99.871002,101.278503,99.345001,100.119003,145546000
100.349998,101.119003,100.237,100.635498,84088000
101.324997,102.525002,100.650002,101.975502,114422000
101.905502,102.018997,99.494499,99.740997,164412000
100.3255,100.375,96.760498,97.915497,149774000
96.935501,98.760002,96.8675,97.6035,97852000
98.550003,98.652,96.575996,96.9505,90896000
96.413498,99.444,95.849998,99.357498,100672000
99.699997,100,98.122002,99.5,88280000
100,100.438004,99.101501,99.4935,72430000
99.6465,99.682503,97.960999,98.509499,72840000
97.736504,97.841003,94.370499,95.401497,141004000
95.932503,97.910004,95.772003,97.052498,85374000
97.025002,97.041496,95.245003,96.320999,81136000
96.929001,97.75,96.612503,97.214996,63098000
97.710999,97.865501,95.525002,95.750504,137118000
95.189499,96.844002,93.25,96.718002,84274000
97.144997,98.795502,96.942497,98.727501,90768000
98.425003,99.762497,98.075996,98.7425,86270000
99.662003,100.807999,99.429001,100.649002,86588000
100.220497,101.325996,99.822998,100.150002,81702000
101.099503,101.6595,100.18,100.218002,69210000
99.999496,100.669502,98.288498,98.565498,108014000
99.084999,99.485001,97.490501,97.638,105062000
97.449997,97.800003,94.828499,95.471001,145140000
95.899498,96.454002,93.141502,94.482498,136446000
93.699997,95.099998,91.532997,93.221001,147864000
92.999496,94.834,92.615997,93.515999,95458000
92.894501,92.928001,87.720497,87.762497,219778000
86.199997,87.769997,84.254997,85.968002,278718000
90.400002,90.447502,87.126503,89.430496,188892000
89.75,89.752502,86.711502,88.047501,128744000
89.175003,91.194,88.077499,90.998001,117198000
92.139503,92.25,90.349998,91.586502,105904000
91.074501,91.5075,88.393501,88.536003,117480000
89.258003,90.455002,87.650002,88.2015,118144000
89.199997,90.474998,87.800003,89.464996,90000000
87.112,88.817001,85.699997,88.434998,134478000
88.684998,88.885498,82.828003,83.209999,138568000
85.167,89.740501,84.600502,89.108498,205714000
82.4795,84.922997,80.150002,82.140503,299276000
83,83.287003,74.75,76.944,277322000
74.307999,77.0495,73.818001,76.521004,249202000
78.499496,81.195503,78.254501,79.900497,187804000
81.176498,83.522499,79.921997,83.276497,162710000
83.929497,84.872002,82.591499,83.276497,139110000
82.878502,82.904503,79.818001,81.389999,112494000
80.917503,83.25,80.727501,82.140503,85148000
83.650002,87.961502,83.204002,87.774498,163844000
87.75,89.199997,86.255501,87.745499,130698000
86.625,87.195999,85.093498,85.621498,118044000
84.912003,85.427498,81.500504,81.842499,136124000
82.4645,83.852997,80.6875,81.558502,118666000
82.816002,83.650002,79.8535,79.9505,129738000
79.050499,81.240997,77.3255,80.972,168546000
79.375,80.723999,78.655998,79.670502,121322000
78.850502,79.059502,75.167999,75.614502,155800000
71.875,76.737503,71,74.773003,217576000
77.149498,77.5,75.75,75.836502,114336000
75.849998,76.809998,75.0905,75.102997,54152000
76.949997,79.240501,76.210999,79.066498,125154000
78.7995,79.8825,77.900497,79.070999,115664000
80.695999,84.072502,80.060997,83.887497,169174000
83.749496,84.499496,82.616501,83.678497,132264000
83.974998,84.800003,83.324997,84.508499,115236000
88.473,88.917,86.5,88.617996,137246000
87.800003,88.516998,83.25,83.419998,173890000
80.7435,85.052498,80.4925,84.959503,175788000
85.253502,85.946503,81.273003,81.456497,151522000
81.192001,82.899498,79.543503,82.051498,149896000
83.900002,83.973503,80.980003,82.162003,124894000
83.449997,85.249496,83.013496,83.177002,131960000
84,84.606003,82.074997,82.918999,105426000
81.900002,82.128502,79.25,79.595497,127344000
78.300003,78.806503,75.250504,76.045502,176596000
77,78.377502,76.150497,77.573997,130460000
77.152496,79.226501,74.158997,74.753998,175844000
74.199997,75.474998,71.634499,73.041496,199836000
73.249496,74,68.197998,68.872498,272806000
67.300003,69.801498,65.349998,67.197998,144400000
68.444504,73.657997,68.150497,73.544998,208236000
72.709999,73.449997,69.515503,73.082001,194440000
73.667503,75.6735,72.449997,73.901001,176580000
75.540001,76.038002,74.349998,75.098503,139090000
73.260002,77.667999,73.046501,76.956497,159662000
76.000504,76.900002,74.855499,75.014,139512000
76.5,79.699997,75.915497,78.769501,183652000
80.115501,81.727997,79.459503,81.475502,159864000
83.234497,83.830498,80.830498,82.829002,177628000
82.649002,83.389999,82.07,82.971001,126976000
82.050499,83.162498,81.081001,82.810997,130154000
82.027496,83.014503,81.810997,82.028,93724000
80.75,82.410004,79.7575,80.860497,120118000
81.599998,83.758003,81.300499,83.727997,119970000
84.210999,85.25,83.793999,84.189003,127338000
84,85.008499,83.875,84.661003,84178000
85.599998,85.809998,84.577003,84.809998,120410000
84.050003,84.093498,80.510002,81.608498,128336000
82.800003,82.871498,80.599998,82.000999,104504000
82.053497,82.862999,81.588997,82.746498,81798000
83.525002,84.174004,83.080498,83.528503,98918000
82.179497,82.25,80.704498,81.894501,96754000
81.563499,81.619003,79.536003,79.694,92656000
81.150002,83.847504,80.984001,83.5215,115676000
84.642502,86.820503,83.954002,85.936501,218206000
81.944,83.653,81.100502,81.311501,230124000
81.150002,82.481499,80.675003,81.665497,98582000
82.167,83.263,82.125,82.940498,89062000
83.537498,83.612999,81.667,82.013,78798000
81.25,81.277,79.6455,80.718498,92532000
79.300003,79.429497,78.337997,79.411003,113150000
80.049004,80.4645,79.300003,79.550003,66346000
80.199997,81.970001,79.944,81.900497,97172000
82.349998,82.819,81.855499,82,71206000
81.224998,81.894997,80.303001,81.1325,82410000
81.392998,81.445503,80.224998,80.397499,86878000
80.050003,81.699997,80.028,81.378998,73634000
81.5,81.746498,80.505997,81.105003,66752000
80.9925,81.178001,80.045502,80.972,69668000
81.175003,81.747002,81.058502,81.578003,61924000
82.072502,82.730003,81.519501,81.650002,63690000
81.299004,81.999496,80.806503,81.82,53316000
81.408997,82.0905,80.754997,82.054497,62976000
81.762497,82.588501,81.691498,81.991501,60518000
82.7565,83.712997,82.550003,83.586502,99498000
84.25,85.471497,83.718002,84.808502,123348000
85.147499,85.389999,84.4505,84.621498,73630000
84.7985,84.887497,83.414001,83.447502,79920000
83.3685,83.487503,81.025497,81.297501,99140000
80.2005,81.136002,79.328499,81.040001,93340000
81.306,83.614502,81.300499,83.530998,77528000
83.449997,84.213501,83.049004,83.654999,72290000
84.150002,85,83.967499,84.540497,71040000
84.559998,85.099998,84.217003,84.310997,58932000
85.150002,85.940002,84.656502,85.617996,151018000
85.635002,87.5,85.6315,87.107498,108582000
87.675499,89.208,87.675499,88.092499,127284000
88.497002,89.974998,88.351501,89.863503,125312000
89.813004,91.1875,89.363998,90.962997,115356000
90.508499,90.948997,88.155502,88.238503,127260000
87.889503,89.134003,87.375,88.712997,102076000
89.650002,90.288498,88.667999,89.188004,97318000
89.206497,89.375,87.283997,88.285004,86496000
88.5,88.8965,87.6735,88.670998,60860000
89.329002,89.642998,88.831497,89.037498,66416000
90.005501,90.783501,89.936501,90.709503,84776000
90.551003,91,90.255997,90.698997,68962000
91.335999,91.5,90.481003,91.035004,78522000
91.032501,91.4375,90.209999,90.943001,72478000
91.449997,91.929001,91.259499,91.863998,72810000
91.661499,92.510002,91.255501,92.492996,75056000
92.274498,92.654503,91.588997,91.792,74288000
92.050003,92.400002,91.440498,92.366501,59280000
92.434998,92.497498,92.015503,92.203499,53096000
92.419998,92.574997,92.065002,92.153,62288000
92.099998,92.342499,90.945,92.2435,74488000
92.567497,93.488503,92.400002,93.152,60892000
93.649498,93.823502,93.022003,93.240997,57870000
93.439499,93.541,92.973999,93.084503,54998000
92.769997,94.420998,92.281998,94.365501,67476000
94.559998,96.462997,94.478996,96.188499,92808000
96.25,96.484497,94.907997,95.087502,73516000
95.849998,96.122498,95.015503,95.112503,121982000
96.449997,97.550003,94.900002,97.531502,168652000
97.449997,97.817001,96.704498,96.921501,80426000
96.504997,96.7855,95.347504,96.325996,70120000
96.654503,97.181999,95.527496,95.575996,62340000
95.666496,96.077499,94.093498,95.041,79258000
97.449997,98.220001,96.800003,98.123001,127632000
95.899002,97.949997,95.525002,97.527496,108356000
96.999496,97.455002,95.168999,96.050003,118042000
95.943497,96.768501,95.5,95.888496,81572000
95,95.470001,93.800003,94.9935,106166000
94.900002,95.189499,92.800003,94.499001,114360000
91.828003,92.327003,90.900002,91.134003,115668000
91.974998,92.622002,90.787498,92.005997,92582000
91.397499,93.721497,91.150002,93.557503,93852000
94.296997,95.875504,94.114502,95.378502,94156000
94.652496,95.526497,93.366501,93.449997,94732000
92.634499,93.389,91.777,92.948502,75964000
93.739502,93.949997,92.300003,92.875999,80102000
92.588997,93.574501,92.550003,92.984001,58732000
91.829498,92.199997,90.209999,90.774002,88486000
91.794502,92.087997,90.892502,91.164001,67394000
91.637497,92.463501,91.3675,91.821503,64000000
91.155998,91.5,90.376503,90.959503,85580000
91.274498,91.473503,90.391502,90.816002,62938000
89.500504,89.779503,88.635002,88.753502,92376000
88.000504,88.314499,83.599998,84.634499,181974000
84.961998,86.541,84.044502,86.477997,113582000
87.480003,87.599998,85.762497,86.925003,84796000
86.885498,88,86.306503,87.718002,73786000
88.184998,90.3125,87.974503,90.2015,96164000
91.099998,94.2435,90.900002,93.031502,107420000
94.162498,94.684998,92.900002,93.184998,80854000
92.698997,93.25,92.219002,92.765999,53566000
93.335999,94.154503,93.111,93.514999,55916000
93.199997,93.800003,92.949997,93.483498,57024000
93.824997,94.7845,93.772499,94.301498,52686000
95.067497,96.083504,94.989502,95.068497,77914000
95.391998,95.978996,94.623497,95.439499,57906000
96.666496,96.760002,95.290001,95.9095,64344000
95.805,96.297501,95.378998,95.565002,78672000
95.633003,95.843002,95.065002,95.695,45660000
95.592003,95.819504,93.621002,93.913498,60246000
94.624001,95.190002,94.365997,94.891502,48838000
95.099998,95.561996,94.902,95.213997,42834000
95.455002,95.647003,94.199997,94.681503,60748000
96.149002,96.490997,95.733002,96.109497,63842000
95.969002,96.739502,95.331497,96.7155,52918000
96.794502,97.079498,96.525002,96.949997,33806000
96.43,97.294998,96.264999,97.1455,52568000
96.706001,97.800003,96.412498,97.615997,57668000
97.389999,99.500504,97.174004,99.415001,86914000
99.8255,101.247002,99.769997,100.870499,98638000
101.280998,101.790001,99.764999,100.053497,86356000
100.413498,100.849998,100.193497,100.550003,50186000
101.07,101.144997,100.077499,101.0495,59626000
100.528999,101.316002,100.060997,100.495003,52364000
100.352501,100.599998,99.601501,99.601501,51176000
99.000504,99.375,97.577499,98.894997,69738000
99.560501,99.800003,98.111504,98.225998,63712000
98.556999,99.449997,97.913002,99.281502,58000000
99.7995,99.889503,98.656502,99.724503,54070000
98.464996,100.065002,98.293503,100.040497,52626000
100.050003,100.059998,98.636002,98.691002,82730000
97.099998,97.544998,96.225502,97.152496,98542000
96.5,96.611504,94.527,95.622498,89864000
94.556,95.494499,94.174004,94.926498,58218000
94.905502,94.977501,92.472,93.338997,89414000
93.585999,94.896004,92.2005,92.765999,94266000
92.253502,92.318001,90.401001,91.162003,99124000
88.511002,89.433502,87.439003,88.2565,121164000
89.611504,89.688499,87.669998,89.391502,101406000
88.699501,89.946503,87.849998,89.669998,90538000
90.300003,91.712997,89.905502,91.644501,74024000
91.447502,91.554497,90.111,90.378998,57596000
89.7995,90.049004,88.849998,89.246002,58110000
89.150002,91.586998,89,91.217003,79880000
89.650497,89.782501,87.861,88.148003,97872000
89.099503,89.400002,88.098,88.806,75182000
89.644501,90.1455,89.227501,89.628502,60360000
90.903999,91.300003,90.630501,90.806,56326000
90.724998,90.841003,89.994003,90.069,38590000
90.969498,91.478996,90.75,91.177002,40636000
91.400002,91.470497,90.004997,90.233002,53070000
89.651497,90.245003,87.261497,87.481003,105416000
88.345497,88.5,87.175499,88.443497,61600000
88.786499,88.970001,87.334,88.091499,60394000
87.75,88.392998,87.202499,88.212502,48394000
89.150002,89.927498,88.862503,89.32,60302000
89.874496,89.987,88.2285,88.814499,61174000
88.5,90.040001,88.400002,89.491997,70860000
90.25,90.3815,89.811501,90.030998,46482000
91.097504,92.099998,90.778999,92.036003,66216000
91.911003,92.032501,91.32,91.675499,49938000
92.050003,92.5,91.230499,91.567497,59990000
91.137497,91.290497,90.266998,91.027496,52278000
90.607002,91.670998,90.454002,91.149498,48656000
91.8815,92.682999,91.713997,92.177498,56470000
92.100502,92.306,91.758499,91.967003,39426000
91.200996,91.2845,90.010002,90.391998,73510000
90.353996,91.199501,90.205002,91.127502,39648000
90.851997,91.102997,89.775002,90.873001,50112000
91.051003,91.628502,90.894997,91.074997,40630000
91.085503,91.531502,89.045998,89.708,106838000
88.849998,89.635002,88.365997,89.264999,58446000
89.530502,89.7855,86.777496,87.080498,92320000
87.367996,88.650002,86.150002,88.416496,69864000
88.139503,88.168503,86.574997,86.991997,70736000
87.400002,87.456001,85.691002,86.272499,78144000
86.349503,86.873001,85.460999,86.795502,52894000
87.300003,87.779999,86.420502,86.782501,61690000
86.387001,86.444504,85.25,85.661499,66022000
85.650002,86.25,84.252998,86.221001,69364000
86.301003,87.028999,85.961502,86.982498,49438000
86.581497,87.391502,86.184998,86.633003,43094000
86.124496,86.349998,85.25,85.275497,50840000
85.980499,86.497498,85.718002,86.099503,40870000
86.262001,86.914497,85.6875,86.013,51504000
87.146004,87.272499,86.492996,86.596001,65100000
86.445503,87.094498,86.099998,86.821503,38204000
87.107002,88.822502,87.030998,88.369003,62234000
88.666496,89.311996,88.526001,88.871498,55268000
89.824501,89.942497,89.100998,89.374001,52948000
89.389999,89.698997,87.459999,87.875504,67250000
88.483002,89.293999,88.25,89.282997,42608000
89.407501,89.488998,88.099998,88.286499,42234000
88.065002,88.502502,87.099998,88.108498,42764000
88.554497,89.417,88.013496,89.039001,88922000
84.877502,88.210503,84.75,88.066498,192528000
87.403,88.934998,87.125,88.853996,74178000
88.740501,88.849998,87.790497,88.135498,45538000
88.012001,89.119003,87.956001,88.999496,48988000
88.7995,89.599998,88.573997,88.833,55624000
89.400497,89.872498,89.260498,89.571999,55808000
90.050499,90.752998,90.050499,90.233002,55438000
90.458,90.512497,89.699997,90.085503,37710000
90.050003,90.125,89.429001,89.788498,40596000
90.188004,90.294998,89.174004,89.410004,53022000
89.394501,89.494003,88.702003,89.293999,42466000
88.900002,89,88.356499,88.582497,38920000
88.733002,89.310997,88.595497,88.900002,40752000
88.669502,88.75,87.365997,87.655502,59790000
87.571503,88.329498,87.477997,87.730003,45296000
88.002502,88.084,86.642998,86.974503,78552000
86.915001,87.684998,86.135498,87.626503,56790000
87.849503,88.033997,87.151497,87.639503,45416000
87.457001,88.125999,86.706001,87.276497,55800000
87.150002,87.343498,86.517998,86.735497,53258000
86.950996,87.321503,86.550003,87.286003,49582000
87.662498,88.871002,87.662003,88.692001,69724000
88.996002,89.851501,88.917503,89.847,63624000
90.050003,91.224998,89.865501,90.925499,60512000
90.889,91.234497,90.039497,90.040001,38468000
90.220001,90.277496,88.134003,89.080002,78512000
88,88.643501,87.361504,88.498001,67618000
88.7005,89.454498,88.011002,88.0345,53402000
88.175003,88.175003,87,87.024002,56476000
87.559998,87.720001,87.0065,87.580002,62348000
87.532997,88.344498,87.280502,87.475502,48856000
87.370003,87.533501,86.75,86.960503,50286000
87.083504,87.5,86.7855,87.435997,41952000
87.5,88.199997,87.272003,88.016502,61918000
88.25,88.449501,87.75,88.046997,54914000
88.349998,88.474998,87.852501,88.460503,62904000
88.900497,89.599998,88.869499,89.532997,72888000
89.750999,89.910004,89.117996,89.2015,67028000
89.025002,89.649498,88.703003,89.613998,53056000
89.981003,90.148499,89.122498,89.324997,103016000
89.413002,89.650002,89.225502,89.650002,42728000
89.690498,89.778503,89.378998,89.460503,17626000
90.050499,93.523003,89.974998,93.438499,120108000
94.146004,95.07,93.300499,93.489998,123732000
93.699997,94.199997,92.030998,92.344498,73494000
92.099998,92.663002,91.611504,92.391998,50130000
93.75,94.900497,93.207497,94.900497,80580000
93.224998,94.309998,93.224998,93.748497,75288000
93,95.184502,93,95.143997,81236000
95.224998,95.694504,94.601997,95.343002,80898000
94.902,95.550003,94.321999,94.598503,70160000
95.494499,95.890999,94.790001,95.052498,63346000
95.268501,95.347,94,94.157997,57074000
94.565498,94.900002,94.040001,94.565002,55616000
94.293999,94.355499,92.927498,93.472,68818000
93.612503,93.943001,92.754501,93.100998,57932000
94.149498,94.279503,93.301003,93.897003,53190000
94.294502,94.332001,92.862503,93.236,79946000
93.25,94.713501,93,94.599998,74156000
94.804497,95.125,94.167,94.373001,64326000
94.255501,94.499001,93.638,94.228996,49692000
94.568497,94.749496,92.372002,93.082001,75324000
91,92.050003,90.766998,91.417,70570000
92.025002,92.905502,91.500999,92.662498,56160000
93.199997,93.737503,92.750999,92.900002,41760000
92.900002,93.643501,92.530502,93.533997,126548000
102.573502,102.786003,100.113503,100.435997,311346000
100.529999,102.425003,100.012497,100.209999,117834000
101.494003,102.989998,100.768501,102.483498,105786000
103.551003,103.551003,101.599998,101.9935,87524000
102.051003,102.815002,101.239998,102.511497,63660000
102.099503,104.926498,101.904999,103.963997,101906000
104.250504,106.779999,104.248001,106.695503,101124000
107.544998,109.297501,106.800003,107.540001,114920000
108.160004,109.012497,107.764503,108,66686000
107.249496,108.514,107.099998,107.4935,60636000
107.783997,107.952003,106.294502,106.7435,52124000
106.250999,108.303497,106.205498,107.783501,58912000
108.389999,109.254997,108.056,108.511002,51224000
108.653503,108.8395,106.372498,107.654999,62626000
107.107498,107.227501,104.400002,104.7985,92926000
100.158997,101.964996,99.398499,100.4645,130940000
101.320999,101.730003,97.920998,98.637001,124382000
98.514,100.733498,98.022499,98.9795,104492000
96.719002,98.75,94.138,94.214996,162880000
90.731499,94.487999,90.556503,94.1875,189620000
95.324501,97.725502,93.5,97.697502,135234000
98.768501,99.816498,94.404503,95.449501,150690000
97.328499,98.900002,96.099998,98.791496,95458000
96.650002,98.036003,95.5,96.2015,94964000
93.75,95.543503,93.474998,95.054497,105472000
88.693001,93.138496,88.064499,90.030502,156264000
93.543999,94.713501,90.908501,94.591003,142666000
92.892502,93.566002,90.074997,91.042999,112496000
86.098999,88.25,83.75,83.830498,226924000
87.75,89.315498,84.030998,89.25,176194000
82.0755,87.972504,81.301498,84.457497,178346000
88.773499,92.889,84.461998,90.391998,218342000
87.5,92.083,87.25,91.5,192904000
93,97.25,91.6325,94.046501,207998000
96.315498,97.849998,91.036499,92.304497,196358000
91.387497,95.970001,90.599998,95.141502,156170000
97.574997,97.75,95.016998,97.004997,142942000
96.0345,97.513,94.289001,94.292,129582000
95.099998,97.824501,94.4645,97.774498,124426000
96.542999,96.989502,94.996002,95.004997,107758000
96.141502,98.681503,95.616997,98.197502,122522000
98.217499,99.651001,97.2005,97.486,102472000
96.648499,97.248001,94.650002,95.385002,82438000
95.082001,96.376503,94.5,95.941498,86720000
95.557503,96.316498,94.457497,95.329498,72198000
96.800003,99.926003,96.500999,99.879501,115464000
100.855499,101.786003,99.880997,100.580002,102280000
101.050003,102.199997,100.557503,102.150002,79546000
102.214996,102.650002,100.883003,102.138,92930000
102,109,101.900002,108.443497,134334000
110.023499,114.599998,109.310501,114.166,161744000
112.884003,116.668503,112.25,115.384003,137332000
117.300003,123.050003,116.75,120.4095,240764000
118.616501,120,115.801003,118.75,158600000
119.497498,122.249001,119.302498,119.680496,115414000
120.830498,121.415497,113.983002,116.405998,149534000
118.449997,119.699997,117.550003,118.1745,84244000
119.999001,121.210999,119.103996,119.972504,101332000
120.849998,121.0215,119.099998,120.511002,76498000
122.160004,122.244003,118.150002,118.800003,112912000
118.605003,118.675003,115.300003,115.704002,105388000
116.500504,119.594498,115.5,118.635498,91832000
120.991997,123.75,119.800499,123.699997,190692000
116.839996,118.122002,112.9095,114.302002,195452000
112.819,116.348999,112.819,115.7995,97318000
117,117.550003,115.356499,115.889999,64850000
116.472,117.872498,116,117.563004,62356000
118.738998,118.800003,117.155502,118.380501,67928000
118.607002,119.362,117.849998,118.980499,64132000
118.735001,120.983498,118.605499,120.449997,65184000
120.592499,120.949997,117.75,117.847504,61498000
118.339996,120.385002,116.889999,118.396004,95658000
118.050499,119.568497,117.6605,119.442497,72962000
118.426003,120.550003,117.818497,120.488998,84700000
120.217499,121.650002,119.2005,121.313004,87144000
121.491501,124.25,121.448502,122.466499,86410000
123.893501,125.000504,123.363503,124.897003,79962000
125,126.272499,122.126999,122.336998,102288000
122.750504,123.4925,121.5065,121.844002,57342000
122.900002,123.099998,120.703003,121.093002,71364000
120.249496,120.679001,116.5,120.519501,101138000
119.216499,121.848503,118.911499,120.055,63804000
120.796997,122.1185,119.910004,122.1185,70198000
122.400002,123.846497,122.208504,123.552002,58578000
123.349998,123.676498,122.265503,123.620499,50598000
123.400497,124.400002,123.058502,123.919998,53420000
123.871498,125.376999,122.500504,123.029999,58974000
122.225502,124.432503,121.856499,124.150002,66128000
125.010002,126.5,124.366997,126.203003,79414000
126.472,131.321503,126.25,130.042999,103520000
132.25,136.117493,131.313004,132.372498,98920000
130.175003,133.569,126.811501,127.898003,116002000
130.060501,131.074005,125.167503,127.250999,108722000
126.330002,129.199997,125.400002,128.634003,77302000
131,131,128.800003,130.763504,71712000
132.375,132.75,131.591003,132.048996,59186000
132.350494,132.981995,131.805496,132.699005,49756000
133.904007,134.871506,132.949997,133.750504,115540000
134.225006,135.75,133.449997,135.690994,64176000
136.300995,139.155502,135.901993,138.220505,84634000
139,139.800003,136.050003,136.720001,90532000
136.977493,137.811493,135.606995,137.729004,59374000
138.753006,139.128494,134.399994,134.643494,130016000
134.500504,134.839996,131.503998,134.018997,84468000
134.253494,138.481506,133.751495,137.940994,75394000
137.899506,144.75,137.699997,143.934998,127268000
145.600494,147.778,143.554993,144.514999,131868000
146.748505,152.994003,146.5,152.852005,137612000
152.927505,153.477493,149.5,150.005997,105150000
151.130493,154.198502,150.621506,154.055496,100752000
155.7995,159.694,153.699997,159.1315,127774000
159.587997,160.75,156.785004,160,109720000
162.552994,167.214493,153.419495,155.199997,154408000
154.449997,156.369003,147.5,154.199997,144638000
154.011505,154.917496,148.658997,150.443497,115778000
148.552994,151.600006,145.911499,149.994995,127884000
150.449997,151.199997,147.422501,148.098495,95226000
150.009995,160.067993,149.701004,159.841995,151964000
161.624496,162.029007,155.285995,156.914505,122426000
156.25,157.5,153.263,154.995499,82084000
154.913498,154.913498,148.5,149.327499,113138000
146.5,151.578995,144.399994,150.445496,112648000
153.100006,154.899994,150.788498,152.760498,83410000
152.713501,153.854507,149.787994,150.016495,62534000
151.5495,151.957993,149.838501,151.676498,59482000
150.699997,154.600006,150.25,152.593994,122566000
162.199997,162.341003,157.550003,158.233994,161710000
159.025497,159.199997,155.199997,155.594498,101494000
155.060501,158.362,155.060501,156.941498,93886000
157.188507,160.679504,156.365005,160.251495,78330000
159.718002,162.373505,158.2715,161.25,78812000
161.2005,162.040497,157.033493,158.373001,78722000
158.515503,158.625504,155.076004,157.408005,63346000
155.660004,157.960999,153.649994,154.033493,74362000
155.399994,158.719498,155.070999,158.112,70442000
159.149506,160.876007,157.75,158.050995,62980000
158.908997,158.912003,156,157.401001,55034000
158.656006,159.748505,157.709,159.120499,53824000
160.600006,166,160.291,165.624496,106920000
165.150497,165.794998,162.800003,163.024002,83702000
162.600006,165.630997,161.899994,164.8685,66650000
164.75,165.720001,163.769501,164.235992,71518000
165.507507,169.016006,162.878006,165.373001,93326000
164.749496,167.869995,163.350006,167.324493,79856000
167.555496,172.587006,167.2285,172.092499,130174000
172.502502,172.649994,168.899994,170,85296000
171.149994,171.668503,169.324997,170.089996,57940000
170.449493,174.75,170.25,172.548004,83718000
174.479004,175.693497,173.350006,174.955994,68644000
177.350006,177.612503,174.334503,176.572495,78630000
174.25,174.420502,165.149994,168.399994,163222000
165.899994,169.074997,155.556503,164.731003,175636000
157.199997,162.542496,156.5,157.492004,121884000
160.149506,165.158997,159.25,163.430496,103774000
165.360992,167.494507,158.527496,158.755493,106614000
160.434494,160.867004,154.199005,155.811005,101880000
158.647003,159.369507,154.800003,155.148499,90592000
156.807999,158.751007,155.445999,157.806503,80430000
158.999496,159.362,153.707504,153.904999,90244000
150.462494,151.471497,148.627502,150.436493,128982000
151.587006,151.889999,145.276993,147.745499,177852000
145.324997,148.100006,143.550003,148.023499,122358000
151.692001,156.699493,150.009995,156.449493,138976000
156.0215,156.350006,149.619003,149.992996,113054000
148.889496,153.464996,148.25,150.989502,110588000
152.742996,155.076996,149.949997,154.7565,92304000
157.442505,158.751999,155.858505,158.702499,84484000
158.769501,159.412994,156.626999,157.244003,69916000
157.057007,160.643997,156.699493,157.436493,97922000
160.399994,161.199997,158.600006,161.063004,99438000
157.681503,159.789993,156.149994,156.25,112262000
157.292007,160.126495,157.042496,159.960007,75506000
158.25,159.100006,154.5,154.998001,101738000
156.75,160,156.619507,159.7845,86188000
161.249496,161.664505,158.749496,159.527496,63482000
160.5,164.449493,159.891495,164.332504,98158000
167.496994,174.811996,166.977493,172.1465,167284000
173.399506,174.619003,171.210999,172.181503,114894000
172.350006,173.244003,167,168.185501,116254000
164.600494,167.794006,164,166.932495,104468000
168.161499,169.983002,158,163.635498,129488000
164.980499,166.449997,159.636993,160.360504,104472000
161.113998,163.300003,159.600494,160.850494,90194000
160.625,161.694,158,159.246994,91854000
159.4935,159.9375,156.097,158.820007,84240000
159.550003,160.266495,157,160.220001,69334000
159.936996,164.149002,157.664993,160.352005,118024000
161.246994,164.582993,160.565002,164.316498,85820000
162.464996,163.201004,158.123505,158.139008,111766000
160.063507,162.862503,158.199997,160.550507,131930000
157.887497,158.350006,150.949997,151.807495,167728000
153.087006,153.985504,147.505997,150.223999,145148000
150.926498,153.744995,149.048996,152.420502,97958000
157.999496,162.242493,156.986496,162.057999,136780000
165.998505,168.339996,164.444,166.100006,115786000
165.231995,166.100006,161.600006,165.568497,92946000
161.551498,164.449997,155.605499,157.186996,143808000
154.751007,155.699997,150.973999,151.751007,131820000
153.089005,156.957504,152.5,156.869507,87338000
157.997498,158.794006,154.302505,155.514008,87240000
156.100006,157.085999,154.269501,156.440506,75124000
154.660004,157.134995,153.634506,156.552994,76174000
159.177002,159.462494,156.763,156.783005,68894000
156.699997,157,155.255005,155.272995,58336000
155.265503,156.25,154.046005,155.850998,60206000
155.850998,156.644501,154.902496,154.970001,67488000
155.835007,156.987503,153.272995,154.919495,94178000
155.024994,156.712494,154.313004,155.903,72042000
157.093506,159.899994,157.013,159.253494,75808000
160.563004,160.809494,159.502502,159.766998,47858000
160.423996,161.419495,156.277496,158.401993,81278000
159.425003,162.447495,157.858994,161.003998,90740000
161.082504,161.600006,158.662994,160.176498,62586000
160.272995,161.432007,159.065506,159.336502,57840000
159.910507,159.910507,157.938004,158.128998,58272000
157.824005,159.037994,157.084503,157.899994,55026000
157.945007,159.206497,156.001007,158.864502,65726000
158.394501,158.721497,154.399994,155.210007,82016000
154.449493,157.104996,153.800003,155.074493,60604000
154.832993,155.933502,153.641006,155.820999,61294000
157.149994,159.523499,156.300003,157.848495,83116000
159.050507,159.425003,156.524506,158.255997,66390000
158.800507,162.350006,158.184006,162.048004,88552000
162.5,163.175507,161.050003,161.804001,69486000
162.199493,162.470993,158.580002,160.082504,119914000
160.000504,161.348495,158.300003,160.309006,76736000
160.141998,161.100006,159.003998,160.326004,47388000
160.25,160.5065,159.208496,159.263504,41876000
159.695007,160.100006,158.449997,158.634506,29038000
159.699997,165.199997,158.634506,164.197998,113736000
165.496994,167.532501,164.061005,166.100006,97458000
167.050003,167.104996,164.123505,164.292496,64186000
163.75,164.145996,162.059998,162.846497,59144000
163.5,163.600006,157.201004,159.331497,88228000
158.300507,161.169006,158.253006,160.925507,53110000
157.324005,159.875504,156.557999,156.919006,87896000
157.850006,160.427002,157.75,158.108002,70290000
159,159.531998,157.110001,159.134995,70754000
157.400497,157.819,155.5,155.710495,73668000
156,157.106995,154.300003,156.041504,70292000
156.421997,159.497498,156.104004,158.294495,66424000
158.376007,158.899994,156.029495,156.373505,61418000
156.151001,157.127502,154.758499,155.212494,84880000
155.350006,157.25,154.800003,156.037994,66102000
159.099503,163.990005,158.75,163.169006,106196000
164.649994,167.427505,164.4785,165.349503,98722000
165.2155,166.095505,164.158005,164.611496,56438000
166.425003,168.194504,162.157501,164.699997,74996000
164.817993,166.899994,164.143494,166.306503,59104000
167.074493,167.326004,160.354004,161.628998,93204000
161.751999,165.084,161.434494,161.880997,62984000
161.5,161.849503,159.227493,160.309998,85872000
162.117996,167.513,161.751495,167.143997,83204000
169,171.386993,168.056503,169,141972000
171.250504,171.699997,165.431,165.626495,141776000
166.5,167.350006,163.887497,166.550003,73414000
165.949997,168.850006,165.135498,167.607498,72416000
167.925003,168.25,165.199997,166.147003,65148000
165.624496,166.899994,164.891998,165.25,44070000
165.699997,165.897507,162.699997,164.328995,63032000
164.600006,164.600006,162.403,163.106506,46028000
162.5,164.012497,161.665497,163.885498,46706000
162.702499,165.414993,162.679504,163.447495,51494000
163.179993,166.045502,162.975006,165.432007,65950000
164.121002,166.899994,163.697006,166.411499,60548000
166.411499,166.675003,162.287506,162.494995,86104000
160.406494,161.615997,158.613007,159.037003,70314000
156.351501,160.236496,154.679993,159.725006,93544000
158.337494,158.561493,156.268997,157.976501,60226000
156.837006,158.912994,152.388,152.858002,90676000
154.759995,156.121994,151.835007,154.6465,85518000
156.394501,157.477997,154.899506,157.307007,54582000
157.173492,158.175995,154.356003,154.726501,51916000
154.059006,155.389008,149.75,150.25,79774000
150.600006,152.906494,147.2715,148.878494,109632000
150.25,150.449997,144.050003,150.022995,107772000
150.75,153.229507,147.565506,147.597504,83700000
150.899506,154.548004,150.257507,153.142502,80600000
154.922501,155.822998,151.502502,152.882004,60250000
155.2005,156.589005,154.1465,155.679504,55528000
153.75,154.949005,152.274994,154.474503,48438000
153.7285,154.112,151.604507,154.084,58272000
155.248505,156.445496,153.792999,154.593002,50776000
153.660995,158.652496,153.511002,156.786499,62372000
155.050003,155.831497,151.25,151.399506,72992000
151.461502,153.864502,150.831497,153.748001,92508000
153.392502,156.328995,153.002502,155.543503,58044000
156.350006,159.100006,156.042496,156.875,76346000
157.552002,158.015503,154.257507,154.3535,59180000
153.649506,155.488998,151.856995,152.313004,71270000
152.203003,152.832993,149.800003,152.601501,66258000
152.772003,154.5625,151.422501,153.786499,54920000
153.500504,153.649994,151.699997,152.764496,46752000
153.203003,155.966507,153.125,154.703995,61878000
155.897003,158.121994,155.777496,158.050003,58806000
158.649994,161.798004,158.061996,161.336502,66698000
161.1875,162.365494,160.852005,161.190994,50756000
161.690002,165.180496,161.182495,163.969498,66924000
165.544998,166.225006,164.600006,164.964996,56242000
165.235001,168.610001,164.445007,168.610001,86830000
167.760498,169.751999,167.557495,168.969498,65636000
170.042496,171.600006,169.781494,170,66316000
170.201996,170.206497,166.300003,166.649994,62904000
168.550003,169.850006,167.600006,168.954498,64672000
169,170.339996,167.779495,169.972,63720000
169.516495,171.796494,168.007996,168.600494,54508000
168.679993,169.149506,165.800003,166.734497,52460000
165.800003,168.143005,165.190506,168.100998,44224000
168.584,168.643494,165.072495,165.451996,51612000
165.955002,168.75,165.425003,167.044006,63856000
167.399994,171.422501,166.546997,170.449997,97614000
172.173492,173,169.900497,170.871506,76542000
171.740005,174.494003,171.25,172.925003,92638000
175.255005,175.722504,171.75,173.565506,153648000
176.255997,177.699997,173.125,173.371002,140186000
174.236496,174.332504,168.634995,169.324493,117510000
167.809494,168.399002,163.606506,165.593506,108788000
166.942993,167.735001,163.218002,163.526993,74226000
163.5,165.720001,162.360001,165.318497,88954000
165.954498,166.544495,164.453506,164.580505,94206000
164.115997,164.149994,159.5,159.524506,116772000
156.813995,161.899994,156.3685,161.195496,92396000
159.25,160.397003,156.654999,157.597,98728000
159.273499,160.192001,156.649994,158.073502,67018000
159.278,161.442993,159.149994,161.145004,66500000
162.296494,164.637497,161.729507,163.519501,74478000
164.628998,165.600006,161.518494,161.613998,56568000
159.75,161.737503,159.199997,161.589996,53594000
162.220001,162.983994,161.809006,162.384003,52664000
162.5,162.834503,159.850494,160.154007,82098000
160.774994,162.897507,160.524994,162.249496,48456000
163.333496,163.990997,160.688004,162.952499,65222000
163.729507,164.786499,162.925507,163.257996,47680000
162.800003,163.018005,161.501999,161.505493,51224000
162.100006,162.399506,160.985001,161.153503,46596000
162.175003,162.548996,160.453003,160.932495,48600000
161.154999,161.75,160.399994,161.699493,40290000
160.211502,160.722,159.201508,159.350494,47966000
160.600006,161.050003,159.940506,160.311005,44994000
159.866501,160.399994,158.610001,159.900497,44316000
161.130493,163.976501,160.900497,163.205505,68334000
163.643494,164.878998,163.535004,164.057495,49110000
164.100494,167.550003,164.057495,167.482498,69530000
167.482498,168.328995,166.672501,167.341507,56348000
167.341507,169.25,166.774994,169.193497,51394000
169.199997,169.849503,168.155502,169.156494,48524000
169.600006,171.317505,168.026505,170.762497,84056000
170.158997,174.860001,170.050003,174.462006,102730000
173.999496,175.350006,173.685501,174.345001,104954000
173.820999,174.100006,171.699997,172.697998,65542000
172.903,176.188995,172.804504,175.272003,66902000
175.25,176.050003,174.160004,175.190994,56266000
175.382004,176.242996,171.542496,172.453995,76640000
173.199997,173.240997,169.709,170.072998,78820000
170.800003,172.399994,170.675507,172.194504,44856000
171.940994,172.801498,171.151505,172.406998,41968000
172.052994,173.580002,171.75,172.007996,48080000
171.730499,172.850006,170.470993,171.648499,40742000
172.582001,175.585999,171.845993,175.548996,63388000
176.505493,184.274002,176.449997,183.787003,134896000
185.869003,186.710007,183.945496,184.828995,106562000
182.177994,187.999496,181.056,186.570496,103612000
186.126007,187.399994,184.669998,185.966995,74964000
187.199997,187.864502,184.839493,185.927505,51432000
185.104996,188.654007,183.565994,183.867996,76918000
185.442505,185.882996,183.041504,184.084,65932000
184.710007,184.770004,181.046005,181.559998,63706000
181.665497,182.302994,178.522995,178.681503,80874000
176.628998,177.510498,174.957993,177.479507,75692000
178.365997,179.600006,175.899994,178.6595,65114000
178.819,179.322495,177.182007,179.259995,46380000
179.361496,182.001007,179.113495,181.901505,65308000
182,183.305496,181.102005,182.832001,48726000
183.658493,185.604004,182.362503,184.990997,58002000
184.925003,184.925003,179.307495,181.319504,82638000
181.688995,182.921005,180.050003,181.516006,59988000
181.387497,181.897507,179.000504,179.996002,110400000
167.397507,168.406998,165.348999,166.379501,199312000
167.654999,167.945999,165.850006,166.574005,67078000
167.035995,169.550003,164.988495,168.311996,83146000
168.967499,169.444,167.278,167.735992,43678000
167.811005,169.449997,167.046005,168.7995,48670000
168.75,168.75,166.451996,167.246994,52752000
167.180496,167.744003,166.425995,167.093506,42964000
167.250504,167.899994,165.75,166.033997,48252000
166.572495,166.884995,163.889496,164.605499,58944000
164.5,165.725494,163.483505,165.175003,46282000
165.283493,165.303497,164.149994,164.698502,41134000
164.149994,165,160.556503,164.949493,66394000
163.875,164.024506,161.283997,162.098007,67758000
162.099503,162.705002,160,160.061005,56086000
159.701004,161.649994,159.123001,159.387497,75658000
160.193497,160.390503,158.787994,159.997498,67168000
160.595001,164.044998,160.500504,163.293503,65362000
164,165.774506,163.729004,165.289001,51036000
165.4935,166.050003,164.307495,164.959,33606000
164.949997,166.600006,164.800003,165.800003,41976000
166.661499,167.615997,165.6875,167.481506,48048000
167.871506,172.25,167.761002,171.078506,63844000
171.240005,173.628998,169.779495,173.539505,87128000
174.820007,176.350006,173.761993,173.949997,72598000
174.738007,175.598007,172.75,173.156006,58474000
172.600006,174.133499,171.822006,173.902496,51514000
173.899994,176.404495,173.847,175.464493,54758000
175.582504,177.281494,174.783493,176.274994,61068000
176.300995,177.499496,174.018494,174.207993,54384000
175.091507,175.422501,173.145493,173.457504,47946000
174.139999,174.897995,171.899994,172.858505,51380000
173.777496,174.3405,171.885498,172.5,38738000
172.126007,174.270996,170.100494,173.789505,59150000
172.998001,174.627502,172.307007,174.412003,51672000
174.420502,174.870499,172.606506,173.126007,92332000
169.800003,170.949997,165.250504,167.786499,93382000
168.75,168.985001,166.619507,167.181503,55618000
167.550003,169.449997,167.052505,169.002502,48228000
169.002502,171.447998,169.002502,170.800003,47588000
170.100494,171.462997,169.669998,171.276001,42324000
168.574997,170.778503,166.980499,170.289993,72690000
167.885498,168.459503,164.505005,165.798004,88616000
166.105499,167.565002,164.893494,165.056,51246000
165.800003,166.392502,163.699493,164.251999,56848000
164.4505,165.458496,162.796997,164.162994,56712000
163.969498,163.999496,158.8125,159.488998,90462000
160.225006,163.036499,160.123001,161.050003,65384000
160.676498,163.216995,159.931,163.100494,50660000
164.576996,166.287506,164.153,165.121506,48182000
165.850006,166.071503,164.410004,164.431,39964000
163.75,164.629501,161.904999,162.315002,40684000
162.850006,163.376495,161.813995,162.366501,36392000
163.485504,164.419006,163.054504,164.214005,48402000
165.122498,165.630005,164.539001,164.992996,42190000
165.570999,170.520996,165.199997,170.451004,103598000
169.417999,172.458496,169.255005,172.337006,63482000
171.714493,172.734497,171.100006,172.207504,47722000
172.632996,173.143005,170.018494,170.753006,42796000
170.712494,172.014008,170.149994,171.750504,37628000
171.050003,171.492004,166.565002,166.777496,62782000
166.75,167.389999,164.884995,166.018494,44520000
167.475494,170.806,167.199005,168.803497,53966000
169.399994,171.850006,168.572495,169.624496,54044000
170.104996,173.949997,169.300003,172.328506,114174000
165.001007,168.740997,163.666,168.621506,129722000
168.089996,168.792999,164.600998,165.905502,72178000
165.750504,166.556,164.177505,165.637497,52552000
165.449997,169.746002,164.876007,169.199997,67944000
168.5,174.931503,168.25,173.850006,107060000
173.850006,178.3125,173.848999,175.949493,99940000
176.162003,178.949997,174.393005,174.449005,61480000
175.762497,179.688507,175.071503,178.811493,85898000
178.193497,180.272507,173.154495,174.102493,80548000
175.649994,177.162003,173.373505,173.625,45288000
174.25,177.036499,172.352493,176.257507,53788000
176.850006,179.694,176.290497,177.283997,58594000
176.949997,178.824997,176.257507,177.035004,44342000
178.235992,179.362503,177.267502,177.449997,51206000
178.317505,185.210007,178.050003,184.802994,114070000
185.634506,188.107498,183.785995,183.828506,98734000
183.819,185.673004,178.375,178.628494,96844000
179.251999,181.052505,176.385498,179.001999,73804000
178.133499,180.682007,176.842499,179.020493,46560000
180.104996,181.675003,175.207504,175.227997,59826000
177.382004,179.800003,176.574997,178.078506,65312000
178.175003,179.288498,174.600494,175.3535,80022000
177.25,177.994003,172.080002,172.186005,74916000
173,174.634995,171.1875,171.867996,64726000
172.75,173.4935,166.929993,169.489502,80712000
169.649994,173.695496,166.934494,171.3685,68860000
174.600006,177.499496,173.334503,176.164505,66410000
176.150497,177.179993,174.750504,176.158005,45254000
175.75,176.969498,174.139496,174.171005,46062000
175.417007,175.927002,170.5,172.212006,60690000
172,172.100006,169.130005,169.567505,62170000
167.550003,169.498993,166.440002,169.091507,55976000
168.598007,173.600006,165.195007,173.315002,75794000
173.3685,174.166,168.160507,168.871002,60876000
167.710495,170.898499,165.613495,170.017502,85542000
166.850006,167.874496,165.600006,167.078995,57372000
167.850494,170.716507,165.647507,170.417007,55956000
169.270004,172.050003,168.500504,171.037003,55036000
170.427994,171.975006,170.149994,171.068497,36788000
171.037003,172.942993,169.2155,169.669495,58688000
170.182495,172.175995,169.135498,170.660995,54638000
170.839996,171.212006,168.600494,169.201004,35754000
169.699997,170.888,168.524002,168.644501,37584000
168.955994,169.350006,166.558502,166.716995,47830000
167.550003,170.703506,166.160507,170.404495,63520000
170.438004,171.399994,166.349503,167.522003,70726000
166.882996,167.126495,164.356995,164.356995,64302000
163.4505,164.800003,161.936996,163.253998,51958000
163.839005,165.2435,162.031006,162.554001,46606000
160.585495,161.661499,156.304504,161.485992,87798000
161.5,166.350006,160.701508,165.362,62806000
166.574997,166.878006,164.417007,165.207001,50030000
165.250504,166.221497,161.091003,161.214005,52188000
160.149994,162.25,159.800507,162.138,45974000
159.104996,159.734497,157.664505,158.917496,67292000
158.761993,159.25,156.25,156.298996,53242000
156.766006,158,151.350998,151.667496,71974000
149.949997,150.899994,142.070496,142.643005,163972000
139,144.945007,135.352005,144.544006,155624000
142.242493,143.600006,138.145004,139.985992,90824000
144.75,145.184998,137.318497,138.872498,95602000
140.800003,144.2435,139.350006,139.637497,77516000
140.860504,143.998001,137.929504,143.977997,74392000
144.75,150.360504,144.300507,149.573502,78308000
150,151.707993,147.627502,151.193497,59220000
155.050507,155.074997,148.863495,150.612503,87330000
141.737503,144.247498,138.332993,138.845505,225532000
155.606506,161.199997,150.608002,157.639496,253456000
158.520004,162.690994,157.25,157.935501,102624000
156.750504,161.792496,155.550507,161.413498,76040000
162.873505,163.834503,160.25,161.189499,68786000
158.350006,160.716507,157.75,159.003494,68268000
158.134506,159,152.733994,153.293503,77100000
151.751007,158.448502,151.649994,155.167007,83230000
157.605499,158.007004,154.637497,156.510498,56440000
155.790497,158.834,154.734497,158.100494,52704000
158.145996,160.348999,154.5,154.652496,64032000
155.499496,155.499496,150.893005,152.601501,63604000
150.4785,152.982498,148.485504,150.197495,66128000
151.650497,151.763,144.651001,144.826996,64244000
139.837494,151.748993,139.5,151.358002,100786000
150.550003,153.990005,149.213501,153.788498,62396000
152.425003,154.449997,150.850006,153.563004,57684000
152.732498,154.098999,149.977005,151.141998,44874000
150.848999,152.999496,148.75,152.052505,47334000
153.531494,153.929001,146.856003,147.898499,65198000
147.158997,147.850006,143.807007,145.641006,60934000
145.443497,146.094498,137.416504,137.453003,86934000
136.683502,140.699493,133.572495,136.014496,91662000
139.5,140.25,136.828003,139.279007,82656000
145.684998,148.6745,143.977997,146.817505,135062000
149.574493,149.675003,145.369003,145.524506,68900000
145.981003,147.449997,140.884003,141.852997,74086000
142.850006,147.985001,142,147.366501,75584000
148.5,153.149994,147.3535,153.104004,84958000
152.640503,157.498505,152.139999,157.238998,72934000
156.813004,161.593994,156.011002,161.250504,102962000
161.121002,163.084,159.552994,161.491501,66538000
161.805496,166.167007,161.699005,164.889008,64086000
163.705002,166.369995,162.686996,163.408005,55812000
163.749496,164.1185,160.050003,163.649506,56798000
164,165.3685,162.25,164.773499,49032000
164.975006,169.037506,164.899994,168.990494,59854000
170.384003,170.831497,167.8685,169.315002,66154000
168.509506,168.9505,165.5,166.300995,56168000
166.445007,166.494995,162.953506,162.997498,59966000
164.149506,165.826996,162.319504,163.559998,57090000
164.125,168.394501,163.205505,168.346497,49882000
167.741501,168.110504,163.266006,164.054993,53728000
161.650497,162.199997,157.254501,158.755997,79056000
158.399994,160.078995,154.511505,157.7845,68136000
156.75,157.3685,154.231003,154.460495,46002000
152.712997,154.136505,150.5345,151.121994,52112000
153.692505,155.098999,150.382996,150.787506,55178000
150.018494,156.024994,149.600006,155.541,53390000
155.389999,155.897003,151.472,151.706497,51598000
151.523499,154.039505,150.250504,152.785004,46514000
152.029495,158.649002,151.550507,158.115494,54926000
157.602493,157.602493,153.6035,153.998001,59630000
154.714005,156.738007,147.589493,148.296005,63970000
148.25,149.615005,143.697495,144.350006,73078000
144.022995,146.221497,142.306503,146.074005,61874000
144.800003,144.856003,138.929504,139.391006,77530000
140.191498,141.948502,135.783493,138.167007,71336000
142.177994,145.9375,140.300003,144.596497,117316000
129.848999,130.761002,121.625,124.281502,272662000
122.401001,124.667999,118.375,124.5,148788000
124.053497,126.220497,122.824997,124.253502,79134000
123.599998,126,119.182999,125.928497,110746000
123,123.499001,115.072502,116.406998,144392000
114.849998,119.050499,113.081497,114.772499,124260000
111.3125,114,107.957001,108.789001,128124000
111.25,112.642502,107.170998,108.859001,105434000
108.1035,110.155998,104.428497,105.372002,109704000
102.75,110.780502,102.405502,106.930496,132026000
109.069,113.183998,107.800003,113.055,93684000
113.099998,113.9925,110.353996,110.810501,74566000
113.275002,115.800003,111.276497,115.3685,76448000
111.439499,112.852997,106.249001,107.112503,108380000
106.280502,110.033997,106.193001,107.319,88142000
109.568497,109.898003,105.009499,107.591003,99500000
108.460999,108.819,103.949997,107.556999,107798000
104.025002,105.400002,101.260002,104.099998,102934000
103.655502,108.175003,103.650002,106.775002,93120000
107.970001,112.665497,107.453499,111.077499,93002000
113.550003,115.186996,112.627998,115.1465,93660000
116.279999,121.994499,115.675003,120.209503,144634000
122.255997,125.179001,120.622498,121.683998,127528000
121.683998,125.610001,120.044998,125.511002,100560000
124.199997,124.400002,121.046501,122.349998,97604000
125.25,128.990005,123.809998,124.790001,135269000
122.010002,124.099998,120.629997,123,85156700
122.610001,123.75,120.75,121.18,64926600
119.989998,121.300003,116.099998,116.150002,67029800
113.419998,114.5,109.050003,109.650002,87266000
104.190002,106.540001,101.860001,103.669998,99135200